firstName,lastName,email,phoneNumber,password,specialty,role,createdAt,updatedAt
Dr.,Arun Kumar,dr..arun kumar@hospital.com,9012345678,ef92b778bafe771e89245b89ecbc08a44a4e166c06659911881f383d4473e94f,Cardiology,Doctor,2025-01-11T17:42:14.061304+00:00,2025-01-11T17:42:14.061477+00:00
Dr.,Ravi,dr..ravi@hospital.com,9012345678,ef92b778bafe771e89245b89ecbc08a44a4e166c06659911881f383d4473e94f,Cardiology,Doctor,2025-01-11T17:42:14.061490+00:00,2025-01-11T17:42:14.061491+00:00
Dr.,Sanjay,dr..sanjay@hospital.com,9012345678,ef92b778bafe771e89245b89ecbc08a44a4e166c06659911881f383d4473e94f,Cardiology,Doctor,2025-01-11T17:42:14.061497+00:00,2025-01-11T17:42:14.061498+00:00
Dr.,Praveen,dr..praveen@hospital.com,9012345678,ef92b778bafe771e89245b89ecbc08a44a4e166c06659911881f383d4473e94f,Cardiology,Doctor,2025-01-11T17:42:14.061502+00:00,2025-01-11T17:42:14.061503+00:00
Dr.,Priya Verma,dr..priya verma@hospital.com,9012345678,ef92b778bafe771e89245b89ecbc08a44a4e166c06659911881f383d4473e94f,Neurology,Doctor,2025-01-11T17:42:14.061507+00:00,2025-01-11T17:42:14.061508+00:00
Dr.,Rajesh Sharma,dr..rajesh sharma@hospital.com,9012345678,ef92b778bafe771e89245b89ecbc08a44a4e166c06659911881f383d4473e94f,Neurology,Doctor,2025-01-11T17:42:14.061512+00:00,2025-01-11T17:42:14.061513+00:00
Dr.,Suman,dr..suman@hospital.com,9012345678,ef92b778bafe771e89245b89ecbc08a44a4e166c06659911881f383d4473e94f,Neurology,Doctor,2025-01-11T17:42:14.061518+00:00,2025-01-11T17:42:14.061520+00:00
Dr.,Rahul,dr..rahul@hospital.com,9012345678,ef92b778bafe771e89245b89ecbc08a44a4e166c06659911881f383d4473e94f,Neurology,Doctor,2025-01-11T17:42:14.061523+00:00,2025-01-11T17:42:14.061524+00:00
Dr.,Ramesh Kumar,dr..ramesh kumar@hospital.com,9012345678,ef92b778bafe771e89245b89ecbc08a44a4e166c06659911881f383d4473e94f,Orthopedics,Doctor,2025-01-11T17:42:14.061527+00:00,2025-01-11T17:42:14.061528+00:00
Dr.,Shyam Sundar,dr..shyam sundar@hospital.com,9012345678,ef92b778bafe771e89245b89ecbc08a44a4e166c06659911881f383d4473e94f,Orthopedics,Doctor,2025-01-11T17:42:14.061531+00:00,2025-01-11T17:42:14.061532+00:00
Dr.,Anil,dr..anil@hospital.com,9012345678,ef92b778bafe771e89245b89ecbc08a44a4e166c06659911881f383d4473e94f,Orthopedics,Doctor,2025-01-11T17:42:14.061536+00:00,2025-01-11T17:42:14.061536+00:00
Dr.,Mohan,dr..mohan@hospital.com,9012345678,ef92b778bafe771e89245b89ecbc08a44a4e166c06659911881f383d4473e94f,Orthopedics,Doctor,2025-01-11T17:42:14.061540+00:00,2025-01-11T17:42:14.061541+00:00
Dr.,Mahesh,dr..mahesh@hospital.com,9012345678,ef92b778bafe771e89245b89ecbc08a44a4e166c06659911881f383d4473e94f,Gynaecology,Doctor,2025-01-11T17:42:14.061544+00:00,2025-01-11T17:42:14.061545+00:00
Dr.,Rekha Gupta,dr..rekha gupta@hospital.com,9012345678,ef92b778bafe771e89245b89ecbc08a44a4e166c06659911881f383d4473e94f,Gynaecology,Doctor,2025-01-11T17:42:14.061548+00:00,2025-01-11T17:42:14.061549+00:00
Dr.,Neha,dr..neha@hospital.com,9012345678,ef92b778bafe771e89245b89ecbc08a44a4e166c06659911881f383d4473e94f,Gynaecology,Doctor,2025-01-11T17:42:14.061552+00:00,2025-01-11T17:42:14.061554+00:00
Dr.,Ruchi,dr..ruchi@hospital.com,9012345678,ef92b778bafe771e89245b89ecbc08a44a4e166c06659911881f383d4473e94f,Gynaecology,Doctor,2025-01-11T17:42:14.061557+00:00,2025-01-11T17:42:14.061558+00:00
Dr.,Sandeep Rao,dr..sandeep rao@hospital.com,9012345678,ef92b778bafe771e89245b89ecbc08a44a4e166c06659911881f383d4473e94f,Dermatology,Doctor,2025-01-11T17:42:14.061561+00:00,2025-01-11T17:42:14.061562+00:00
Dr.,Manish Agarwal,dr..manish agarwal@hospital.com,9012345678,ef92b778bafe771e89245b89ecbc08a44a4e166c06659911881f383d4473e94f,Dermatology,Doctor,2025-01-11T17:42:14.061565+00:00,2025-01-11T17:42:14.061567+00:00
Dr.,Priya,dr..priya@hospital.com,9012345678,ef92b778bafe771e89245b89ecbc08a44a4e166c06659911881f383d4473e94f,Dermatology,Doctor,2025-01-11T17:42:14.061570+00:00,2025-01-11T17:42:14.061571+00:00
Dr.,Arvind,dr..arvind@hospital.com,9012345678,ef92b778bafe771e89245b89ecbc08a44a4e166c06659911881f383d4473e94f,Dermatology,Doctor,2025-01-11T17:42:14.061576+00:00,2025-01-11T17:42:14.061577+00:00
Dr.,Anjali Verma,dr..anjali verma@hospital.com,9012345678,ef92b778bafe771e89245b89ecbc08a44a4e166c06659911881f383d4473e94f,Pediatrics,Doctor,2025-01-11T17:42:14.061580+00:00,2025-01-11T17:42:14.061581+00:00
Dr.,Sunil K,dr..sunil k@hospital.com,9012345678,ef92b778bafe771e89245b89ecbc08a44a4e166c06659911881f383d4473e94f,Pediatrics,Doctor,2025-01-11T17:42:14.061584+00:00,2025-01-11T17:42:14.061585+00:00
Dr.,Nisha,dr..nisha@hospital.com,9012345678,ef92b778bafe771e89245b89ecbc08a44a4e166c06659911881f383d4473e94f,Pediatrics,Doctor,2025-01-11T17:42:14.061588+00:00,2025-01-11T17:42:14.061589+00:00
Dr.,Divya,dr..divya@hospital.com,9012345678,ef92b778bafe771e89245b89ecbc08a44a4e166c06659911881f383d4473e94f,Pediatrics,Doctor,2025-01-11T17:42:14.061592+00:00,2025-01-11T17:42:14.061593+00:00
Dr.,Arvind Kumar,dr..arvind kumar@hospital.com,9012345678,ef92b778bafe771e89245b89ecbc08a44a4e166c06659911881f383d4473e94f,ENT,Doctor,2025-01-11T17:42:14.061596+00:00,2025-01-11T17:42:14.061597+00:00
Dr.,Deepak,dr..deepak@hospital.com,9012345678,ef92b778bafe771e89245b89ecbc08a44a4e166c06659911881f383d4473e94f,ENT,Doctor,2025-01-11T17:42:14.061600+00:00,2025-01-11T17:42:14.061601+00:00
Dr.,Ravi R,dr..ravi r@hospital.com,9012345678,ef92b778bafe771e89245b89ecbc08a44a4e166c06659911881f383d4473e94f,ENT,Doctor,2025-01-11T17:42:14.061605+00:00,2025-01-11T17:42:14.061606+00:00
Dr.,Monika,dr..monika@hospital.com,9012345678,ef92b778bafe771e89245b89ecbc08a44a4e166c06659911881f383d4473e94f,ENT,Doctor,2025-01-11T17:42:14.061609+00:00,2025-01-11T17:42:14.061610+00:00
Dr.,Ritu Sharma,dr..ritu sharma@hospital.com,9012345678,ef92b778bafe771e89245b89ecbc08a44a4e166c06659911881f383d4473e94f,Psychiatry,Doctor,2025-01-11T17:42:14.061613+00:00,2025-01-11T17:42:14.061614+00:00
Dr.,Vikram,dr..vikram@hospital.com,9012345678,ef92b778bafe771e89245b89ecbc08a44a4e166c06659911881f383d4473e94f,Psychiatry,Doctor,2025-01-11T17:42:14.061617+00:00,2025-01-11T17:42:14.061618+00:00
Dr.,Meena,dr..meena@hospital.com,9012345678,ef92b778bafe771e89245b89ecbc08a44a4e166c06659911881f383d4473e94f,Psychiatry,Doctor,2025-01-11T17:42:14.061621+00:00,2025-01-11T17:42:14.061622+00:00
Dr.,Devendra,dr..devendra@hospital.com,9012345678,ef92b778bafe771e89245b89ecbc08a44a4e166c06659911881f383d4473e94f,Psychiatry,Doctor,2025-01-11T17:42:14.061626+00:00,2025-01-11T17:42:14.061627+00:00
Dr.,Ajay,dr..ajay@hospital.com,9012345678,ef92b778bafe771e89245b89ecbc08a44a4e166c06659911881f383d4473e94f,General Surgery,Doctor,2025-01-11T17:42:14.061630+00:00,2025-01-11T17:42:14.061631+00:00
Dr.,Ramesh,dr..ramesh@hospital.com,9012345678,ef92b778bafe771e89245b89ecbc08a44a4e166c06659911881f383d4473e94f,General Surgery,Doctor,2025-01-11T17:42:14.061634+00:00,2025-01-11T17:42:14.061635+00:00
Dr.,Nitin,dr..nitin@hospital.com,9012345678,ef92b778bafe771e89245b89ecbc08a44a4e166c06659911881f383d4473e94f,General Surgery,Doctor,2025-01-11T17:42:14.061638+00:00,2025-01-11T17:42:14.061639+00:00
Dr.,Rohit,dr..rohit@hospital.com,9012345678,ef92b778bafe771e89245b89ecbc08a44a4e166c06659911881f383d4473e94f,General Surgery,Doctor,2025-01-11T17:42:14.061642+00:00,2025-01-11T17:42:14.061643+00:00
Dr.,Pankaj,dr..pankaj@hospital.com,9012345678,ef92b778bafe771e89245b89ecbc08a44a4e166c06659911881f383d4473e94f,Urology,Doctor,2025-01-11T17:42:14.061647+00:00,2025-01-11T17:42:14.061648+00:00
Dr.,Manoj,dr..manoj@hospital.com,9012345678,ef92b778bafe771e89245b89ecbc08a44a4e166c06659911881f383d4473e94f,Urology,Doctor,2025-01-11T17:42:14.061651+00:00,2025-01-11T17:42:14.061652+00:00
Dr.,Shubham,dr..shubham@hospital.com,9012345678,ef92b778bafe771e89245b89ecbc08a44a4e166c06659911881f383d4473e94f,Urology,Doctor,2025-01-11T17:42:14.061655+00:00,2025-01-11T17:42:14.061656+00:00
Dr.,Jatin,dr..jatin@hospital.com,9012345678,ef92b778bafe771e89245b89ecbc08a44a4e166c06659911881f383d4473e94f,Urology,Doctor,2025-01-11T17:42:14.061659+00:00,2025-01-11T17:42:14.061660+00:00
